"filename", "language", "JSON", "JavaScript", "PostCSS", "PHP", "SCSS", "comment", "blank", "total"
"c:\laragon\www\MinaPorcoIntegrador\public\assets\css\material-dashboard.css", "PostCSS", 0, 0, 18335, 0, 0, 36, 3700, 22071
"c:\laragon\www\MinaPorcoIntegrador\public\assets\css\material-dashboard.min.css", "PostCSS", 0, 0, 1, 0, 0, 13, 0, 14
"c:\laragon\www\MinaPorcoIntegrador\public\assets\css\partials\dashboard\core\bootstrap\scss\bootstrap-grid.css", "PostCSS", 0, 0, 1452, 0, 0, 7, 416, 1875
"c:\laragon\www\MinaPorcoIntegrador\public\assets\css\partials\dashboard\core\bootstrap\scss\bootstrap-reboot.css", "PostCSS", 0, 0, 281, 0, 0, 8, 57, 346
"c:\laragon\www\MinaPorcoIntegrador\public\assets\css\partials\dashboard\core\bootstrap\scss\bootstrap.css", "PostCSS", 0, 0, 7334, 0, 0, 7, 1697, 9038
"c:\laragon\www\MinaPorcoIntegrador\public\assets\css\partials\kit\core\bootstrap\scss\bootstrap-grid.css", "PostCSS", 0, 0, 1452, 0, 0, 7, 416, 1875
"c:\laragon\www\MinaPorcoIntegrador\public\assets\css\partials\kit\core\bootstrap\scss\bootstrap-reboot.css", "PostCSS", 0, 0, 281, 0, 0, 8, 57, 346
"c:\laragon\www\MinaPorcoIntegrador\public\assets\css\partials\kit\core\bootstrap\scss\bootstrap.css", "PostCSS", 0, 0, 7334, 0, 0, 7, 1697, 9038
"c:\laragon\www\MinaPorcoIntegrador\public\assets\css\test\material-dashboard.css", "PostCSS", 0, 0, 18335, 0, 0, 36, 3696, 22067
"c:\laragon\www\MinaPorcoIntegrador\public\assets\demo\demo.css", "PostCSS", 0, 0, 102, 0, 0, 1, 23, 126
"c:\laragon\www\MinaPorcoIntegrador\public\assets\demo\demo.js", "JavaScript", 0, 164, 0, 0, 0, 2, 9, 175
"c:\laragon\www\MinaPorcoIntegrador\public\assets\js\core\bootstrap-material-design.min.js", "JavaScript", 0, 1, 0, 0, 0, 0, 0, 1
"c:\laragon\www\MinaPorcoIntegrador\public\assets\js\core\jquery.min.js", "JavaScript", 0, 1, 0, 0, 0, 1, 1, 3
"c:\laragon\www\MinaPorcoIntegrador\public\assets\js\core\popper.min.js", "JavaScript", 0, 785, 0, 0, 0, 4, 46, 835
"c:\laragon\www\MinaPorcoIntegrador\public\assets\js\material-dashboard.js", "JavaScript", 0, 298, 0, 0, 0, 35, 89, 422
"c:\laragon\www\MinaPorcoIntegrador\public\assets\js\material-dashboard.min.js", "JavaScript", 0, 1, 0, 0, 0, 1, 0, 2
"c:\laragon\www\MinaPorcoIntegrador\public\assets\js\plugins\bootstrap-notify.js", "JavaScript", 0, 337, 0, 0, 0, 31, 36, 404
"c:\laragon\www\MinaPorcoIntegrador\public\assets\js\plugins\chartist.min.js", "JavaScript", 0, 2, 0, 0, 0, 6, 2, 10
"c:\laragon\www\MinaPorcoIntegrador\public\assets\js\plugins\perfect-scrollbar.jquery.min.js", "JavaScript", 0, 1, 0, 0, 0, 1, 0, 2
"c:\laragon\www\MinaPorcoIntegrador\public\assets\scss\material-dashboard.scss", "SCSS", 0, 0, 0, 0, 34, 17, 7, 58
"c:\laragon\www\MinaPorcoIntegrador\public\assets\scss\material-dashboard\_alerts.scss", "SCSS", 0, 0, 0, 0, 87, 1, 14, 102
"c:\laragon\www\MinaPorcoIntegrador\public\assets\scss\material-dashboard\_buttons.scss", "SCSS", 0, 0, 0, 0, 164, 27, 29, 220
"c:\laragon\www\MinaPorcoIntegrador\public\assets\scss\material-dashboard\_cards.scss", "SCSS", 0, 0, 0, 0, 559, 8, 95, 662
"c:\laragon\www\MinaPorcoIntegrador\public\assets\scss\material-dashboard\_checkboxes.scss", "SCSS", 0, 0, 0, 0, 184, 4, 23, 211
"c:\laragon\www\MinaPorcoIntegrador\public\assets\scss\material-dashboard\_core-bootstrap.scss", "SCSS", 0, 0, 0, 0, 47, 12, 8, 67
"c:\laragon\www\MinaPorcoIntegrador\public\assets\scss\material-dashboard\_dark-edition.scss", "SCSS", 0, 0, 0, 0, 21, 18, 19, 58
"c:\laragon\www\MinaPorcoIntegrador\public\assets\scss\material-dashboard\_dropdown.scss", "SCSS", 0, 0, 0, 0, 167, 6, 33, 206
"c:\laragon\www\MinaPorcoIntegrador\public\assets\scss\material-dashboard\_example-pages.scss", "SCSS", 0, 0, 0, 0, 50, 0, 6, 56
"c:\laragon\www\MinaPorcoIntegrador\public\assets\scss\material-dashboard\_fixed-plugin.scss", "SCSS", 0, 0, 0, 0, 300, 1, 33, 334
"c:\laragon\www\MinaPorcoIntegrador\public\assets\scss\material-dashboard\_footers.scss", "SCSS", 0, 0, 0, 0, 94, 0, 18, 112
"c:\laragon\www\MinaPorcoIntegrador\public\assets\scss\material-dashboard\_forms.scss", "SCSS", 0, 0, 0, 0, 238, 82, 55, 375
"c:\laragon\www\MinaPorcoIntegrador\public\assets\scss\material-dashboard\_headers.scss", "SCSS", 0, 0, 0, 0, 72, 0, 12, 84
"c:\laragon\www\MinaPorcoIntegrador\public\assets\scss\material-dashboard\_images.scss", "SCSS", 0, 0, 0, 0, 9, 0, 2, 11
"c:\laragon\www\MinaPorcoIntegrador\public\assets\scss\material-dashboard\_info-areas.scss", "SCSS", 0, 0, 0, 0, 51, 0, 7, 58
"c:\laragon\www\MinaPorcoIntegrador\public\assets\scss\material-dashboard\_input-group.scss", "SCSS", 0, 0, 0, 0, 23, 7, 7, 37
"c:\laragon\www\MinaPorcoIntegrador\public\assets\scss\material-dashboard\_misc.scss", "SCSS", 0, 0, 0, 0, 55, 2, 12, 69
"c:\laragon\www\MinaPorcoIntegrador\public\assets\scss\material-dashboard\_mixins.scss", "SCSS", 0, 0, 0, 0, 16, 0, 1, 17
"c:\laragon\www\MinaPorcoIntegrador\public\assets\scss\material-dashboard\_navbar.scss", "SCSS", 0, 0, 0, 0, 216, 1, 36, 253
"c:\laragon\www\MinaPorcoIntegrador\public\assets\scss\material-dashboard\_popover.scss", "SCSS", 0, 0, 0, 0, 45, 0, 9, 54
"c:\laragon\www\MinaPorcoIntegrador\public\assets\scss\material-dashboard\_popups.scss", "SCSS", 0, 0, 0, 0, 70, 0, 16, 86
"c:\laragon\www\MinaPorcoIntegrador\public\assets\scss\material-dashboard\_radios.scss", "SCSS", 0, 0, 0, 0, 157, 1, 30, 188
"c:\laragon\www\MinaPorcoIntegrador\public\assets\scss\material-dashboard\_responsive.scss", "SCSS", 0, 0, 0, 0, 753, 4, 115, 872
"c:\laragon\www\MinaPorcoIntegrador\public\assets\scss\material-dashboard\_ripples.scss", "SCSS", 0, 0, 0, 0, 36, 1, 5, 42
"c:\laragon\www\MinaPorcoIntegrador\public\assets\scss\material-dashboard\_sidebar-and-main-panel.scss", "SCSS", 0, 0, 0, 0, 349, 0, 59, 408
"c:\laragon\www\MinaPorcoIntegrador\public\assets\scss\material-dashboard\_social-buttons.scss", "SCSS", 0, 0, 0, 0, 3, 2, 2, 7
"c:\laragon\www\MinaPorcoIntegrador\public\assets\scss\material-dashboard\_tables.scss", "SCSS", 0, 0, 0, 0, 164, 12, 29, 205
"c:\laragon\www\MinaPorcoIntegrador\public\assets\scss\material-dashboard\_tabs.scss", "SCSS", 0, 0, 0, 0, 66, 1, 17, 84
"c:\laragon\www\MinaPorcoIntegrador\public\assets\scss\material-dashboard\_togglebutton.scss", "SCSS", 0, 0, 0, 0, 72, 6, 8, 86
"c:\laragon\www\MinaPorcoIntegrador\public\assets\scss\material-dashboard\_tooltip.scss", "SCSS", 0, 0, 0, 0, 41, 1, 8, 50
"c:\laragon\www\MinaPorcoIntegrador\public\assets\scss\material-dashboard\_type.scss", "SCSS", 0, 0, 0, 0, 81, 2, 10, 93
"c:\laragon\www\MinaPorcoIntegrador\public\assets\scss\material-dashboard\_variables.scss", "SCSS", 0, 0, 0, 0, 29, 3, 7, 39
"c:\laragon\www\MinaPorcoIntegrador\public\assets\scss\material-dashboard\bootstrap\scss\_alert.scss", "SCSS", 0, 0, 0, 0, 28, 13, 11, 52
"c:\laragon\www\MinaPorcoIntegrador\public\assets\scss\material-dashboard\bootstrap\scss\_badge.scss", "SCSS", 0, 0, 0, 0, 28, 12, 8, 48
"c:\laragon\www\MinaPorcoIntegrador\public\assets\scss\material-dashboard\bootstrap\scss\_breadcrumb.scss", "SCSS", 0, 0, 0, 0, 27, 8, 4, 39
"c:\laragon\www\MinaPorcoIntegrador\public\assets\scss\material-dashboard\bootstrap\scss\_button-group.scss", "SCSS", 0, 0, 0, 0, 104, 31, 32, 167
"c:\laragon\www\MinaPorcoIntegrador\public\assets\scss\material-dashboard\bootstrap\scss\_buttons.scss", "SCSS", 0, 0, 0, 0, 90, 24, 30, 144
"c:\laragon\www\MinaPorcoIntegrador\public\assets\scss\material-dashboard\bootstrap\scss\_card.scss", "SCSS", 0, 0, 0, 0, 194, 27, 50, 271
"c:\laragon\www\MinaPorcoIntegrador\public\assets\scss\material-dashboard\bootstrap\scss\_carousel.scss", "SCSS", 0, 0, 0, 0, 148, 19, 25, 192
"c:\laragon\www\MinaPorcoIntegrador\public\assets\scss\material-dashboard\bootstrap\scss\_close.scss", "SCSS", 0, 0, 0, 0, 23, 7, 5, 35
"c:\laragon\www\MinaPorcoIntegrador\public\assets\scss\material-dashboard\bootstrap\scss\_code.scss", "SCSS", 0, 0, 0, 0, 42, 7, 8, 57
"c:\laragon\www\MinaPorcoIntegrador\public\assets\scss\material-dashboard\bootstrap\scss\_custom-forms.scss", "SCSS", 0, 0, 0, 0, 222, 32, 44, 298
"c:\laragon\www\MinaPorcoIntegrador\public\assets\scss\material-dashboard\bootstrap\scss\_dropdown.scss", "SCSS", 0, 0, 0, 0, 105, 11, 16, 132
"c:\laragon\www\MinaPorcoIntegrador\public\assets\scss\material-dashboard\bootstrap\scss\_forms.scss", "SCSS", 0, 0, 0, 0, 205, 73, 56, 334
"c:\laragon\www\MinaPorcoIntegrador\public\assets\scss\material-dashboard\bootstrap\scss\_functions.scss", "SCSS", 0, 0, 0, 0, 54, 19, 14, 87
"c:\laragon\www\MinaPorcoIntegrador\public\assets\scss\material-dashboard\bootstrap\scss\_grid.scss", "SCSS", 0, 0, 0, 0, 28, 15, 10, 53
"c:\laragon\www\MinaPorcoIntegrador\public\assets\scss\material-dashboard\bootstrap\scss\_images.scss", "SCSS", 0, 0, 0, 0, 22, 13, 8, 43
"c:\laragon\www\MinaPorcoIntegrador\public\assets\scss\material-dashboard\bootstrap\scss\_input-group.scss", "SCSS", 0, 0, 0, 0, 101, 31, 28, 160
"c:\laragon\www\MinaPorcoIntegrador\public\assets\scss\material-dashboard\bootstrap\scss\_jumbotron.scss", "SCSS", 0, 0, 0, 0, 14, 0, 3, 17
"c:\laragon\www\MinaPorcoIntegrador\public\assets\scss\material-dashboard\bootstrap\scss\_list-group.scss", "SCSS", 0, 0, 0, 0, 70, 22, 24, 116
"c:\laragon\www\MinaPorcoIntegrador\public\assets\scss\material-dashboard\bootstrap\scss\_media.scss", "SCSS", 0, 0, 0, 0, 7, 0, 2, 9
"c:\laragon\www\MinaPorcoIntegrador\public\assets\scss\material-dashboard\bootstrap\scss\_mixins.scss", "SCSS", 0, 0, 0, 0, 30, 8, 5, 43
"c:\laragon\www\MinaPorcoIntegrador\public\assets\scss\material-dashboard\bootstrap\scss\_modal.scss", "SCSS", 0, 0, 0, 0, 113, 32, 24, 169
"c:\laragon\www\MinaPorcoIntegrador\public\assets\scss\material-dashboard\bootstrap\scss\_nav.scss", "SCSS", 0, 0, 0, 0, 76, 19, 24, 119
"c:\laragon\www\MinaPorcoIntegrador\public\assets\scss\material-dashboard\bootstrap\scss\_navbar.scss", "SCSS", 0, 0, 0, 0, 207, 47, 58, 312
"c:\laragon\www\MinaPorcoIntegrador\public\assets\scss\material-dashboard\bootstrap\scss\_pagination.scss", "SCSS", 0, 0, 0, 0, 61, 5, 12, 78
"c:\laragon\www\MinaPorcoIntegrador\public\assets\scss\material-dashboard\bootstrap\scss\_popover.scss", "SCSS", 0, 0, 0, 0, 150, 5, 29, 184
"c:\laragon\www\MinaPorcoIntegrador\public\assets\scss\material-dashboard\bootstrap\scss\_print.scss", "SCSS", 0, 0, 0, 0, 71, 33, 21, 125
"c:\laragon\www\MinaPorcoIntegrador\public\assets\scss\material-dashboard\bootstrap\scss\_progress.scss", "SCSS", 0, 0, 0, 0, 29, 0, 5, 34
"c:\laragon\www\MinaPorcoIntegrador\public\assets\scss\material-dashboard\bootstrap\scss\_reboot.scss", "SCSS", 0, 0, 0, 0, 263, 136, 84, 483
"c:\laragon\www\MinaPorcoIntegrador\public\assets\scss\material-dashboard\bootstrap\scss\_root.scss", "SCSS", 0, 0, 0, 0, 13, 3, 4, 20
"c:\laragon\www\MinaPorcoIntegrador\public\assets\scss\material-dashboard\bootstrap\scss\_tables.scss", "SCSS", 0, 0, 0, 0, 115, 28, 38, 181
"c:\laragon\www\MinaPorcoIntegrador\public\assets\scss\material-dashboard\bootstrap\scss\_tooltip.scss", "SCSS", 0, 0, 0, 0, 93, 5, 18, 116
"c:\laragon\www\MinaPorcoIntegrador\public\assets\scss\material-dashboard\bootstrap\scss\_transitions.scss", "SCSS", 0, 0, 0, 0, 29, 1, 7, 37
"c:\laragon\www\MinaPorcoIntegrador\public\assets\scss\material-dashboard\bootstrap\scss\_type.scss", "SCSS", 0, 0, 0, 0, 82, 20, 24, 126
"c:\laragon\www\MinaPorcoIntegrador\public\assets\scss\material-dashboard\bootstrap\scss\_utilities.scss", "SCSS", 0, 0, 0, 0, 14, 0, 1, 15
"c:\laragon\www\MinaPorcoIntegrador\public\assets\scss\material-dashboard\bootstrap\scss\_variables.scss", "SCSS", 0, 0, 0, 0, 572, 94, 229, 895
"c:\laragon\www\MinaPorcoIntegrador\public\assets\scss\material-dashboard\bootstrap\scss\bootstrap-grid.scss", "SCSS", 0, 0, 0, 0, 20, 6, 7, 33
"c:\laragon\www\MinaPorcoIntegrador\public\assets\scss\material-dashboard\bootstrap\scss\bootstrap-reboot.scss", "SCSS", 0, 0, 0, 0, 4, 7, 2, 13
"c:\laragon\www\MinaPorcoIntegrador\public\assets\scss\material-dashboard\bootstrap\scss\bootstrap.scss", "SCSS", 0, 0, 0, 0, 35, 6, 2, 43
"c:\laragon\www\MinaPorcoIntegrador\public\assets\scss\material-dashboard\bootstrap\scss\mixins\_alert.scss", "SCSS", 0, 0, 0, 0, 11, 0, 3, 14
"c:\laragon\www\MinaPorcoIntegrador\public\assets\scss\material-dashboard\bootstrap\scss\mixins\_background-variant.scss", "SCSS", 0, 0, 0, 0, 16, 2, 4, 22
"c:\laragon\www\MinaPorcoIntegrador\public\assets\scss\material-dashboard\bootstrap\scss\mixins\_badge.scss", "SCSS", 0, 0, 0, 0, 11, 0, 2, 13
"c:\laragon\www\MinaPorcoIntegrador\public\assets\scss\material-dashboard\bootstrap\scss\mixins\_border-radius.scss", "SCSS", 0, 0, 0, 0, 29, 1, 6, 36
"c:\laragon\www\MinaPorcoIntegrador\public\assets\scss\material-dashboard\bootstrap\scss\mixins\_box-shadow.scss", "SCSS", 0, 0, 0, 0, 5, 0, 1, 6
"c:\laragon\www\MinaPorcoIntegrador\public\assets\scss\material-dashboard\bootstrap\scss\mixins\_breakpoints.scss", "SCSS", 0, 0, 0, 0, 69, 44, 11, 124
"c:\laragon\www\MinaPorcoIntegrador\public\assets\scss\material-dashboard\bootstrap\scss\mixins\_buttons.scss", "SCSS", 0, 0, 0, 0, 86, 10, 14, 110
"c:\laragon\www\MinaPorcoIntegrador\public\assets\scss\material-dashboard\bootstrap\scss\mixins\_caret.scss", "SCSS", 0, 0, 0, 0, 58, 0, 8, 66
"c:\laragon\www\MinaPorcoIntegrador\public\assets\scss\material-dashboard\bootstrap\scss\mixins\_clearfix.scss", "SCSS", 0, 0, 0, 0, 7, 0, 1, 8
"c:\laragon\www\MinaPorcoIntegrador\public\assets\scss\material-dashboard\bootstrap\scss\mixins\_float.scss", "SCSS", 0, 0, 0, 0, 9, 1, 2, 12
"c:\laragon\www\MinaPorcoIntegrador\public\assets\scss\material-dashboard\bootstrap\scss\mixins\_forms.scss", "SCSS", 0, 0, 0, 0, 106, 14, 18, 138
"c:\laragon\www\MinaPorcoIntegrador\public\assets\scss\material-dashboard\bootstrap\scss\mixins\_gradients.scss", "SCSS", 0, 0, 0, 0, 34, 7, 5, 46
"c:\laragon\www\MinaPorcoIntegrador\public\assets\scss\material-dashboard\bootstrap\scss\mixins\_grid-framework.scss", "SCSS", 0, 0, 0, 0, 50, 8, 10, 68
"c:\laragon\www\MinaPorcoIntegrador\public\assets\scss\material-dashboard\bootstrap\scss\mixins\_grid.scss", "SCSS", 0, 0, 0, 0, 35, 10, 8, 53
"c:\laragon\www\MinaPorcoIntegrador\public\assets\scss\material-dashboard\bootstrap\scss\mixins\_hover.scss", "SCSS", 0, 0, 0, 0, 23, 11, 6, 40
"c:\laragon\www\MinaPorcoIntegrador\public\assets\scss\material-dashboard\bootstrap\scss\mixins\_image.scss", "SCSS", 0, 0, 0, 0, 12, 17, 8, 37
"c:\laragon\www\MinaPorcoIntegrador\public\assets\scss\material-dashboard\bootstrap\scss\mixins\_list-group.scss", "SCSS", 0, 0, 0, 0, 17, 1, 4, 22
"c:\laragon\www\MinaPorcoIntegrador\public\assets\scss\material-dashboard\bootstrap\scss\mixins\_lists.scss", "SCSS", 0, 0, 0, 0, 4, 2, 2, 8
"c:\laragon\www\MinaPorcoIntegrador\public\assets\scss\material-dashboard\bootstrap\scss\mixins\_nav-divider.scss", "SCSS", 0, 0, 0, 0, 6, 3, 2, 11
"c:\laragon\www\MinaPorcoIntegrador\public\assets\scss\material-dashboard\bootstrap\scss\mixins\_navbar-align.scss", "SCSS", 0, 0, 0, 0, 0, 9, 2, 11
"c:\laragon\www\MinaPorcoIntegrador\public\assets\scss\material-dashboard\bootstrap\scss\mixins\_pagination.scss", "SCSS", 0, 0, 0, 0, 19, 1, 3, 23
"c:\laragon\www\MinaPorcoIntegrador\public\assets\scss\material-dashboard\bootstrap\scss\mixins\_reset-text.scss", "SCSS", 0, 0, 0, 0, 16, 1, 1, 18
"c:\laragon\www\MinaPorcoIntegrador\public\assets\scss\material-dashboard\bootstrap\scss\mixins\_resize.scss", "SCSS", 0, 0, 0, 0, 4, 1, 2, 7
"c:\laragon\www\MinaPorcoIntegrador\public\assets\scss\material-dashboard\bootstrap\scss\mixins\_screen-reader.scss", "SCSS", 0, 0, 0, 0, 23, 9, 4, 36
"c:\laragon\www\MinaPorcoIntegrador\public\assets\scss\material-dashboard\bootstrap\scss\mixins\_size.scss", "SCSS", 0, 0, 0, 0, 4, 1, 2, 7
"c:\laragon\www\MinaPorcoIntegrador\public\assets\scss\material-dashboard\bootstrap\scss\mixins\_table-row.scss", "SCSS", 0, 0, 0, 0, 21, 5, 5, 31
"c:\laragon\www\MinaPorcoIntegrador\public\assets\scss\material-dashboard\bootstrap\scss\mixins\_text-emphasis.scss", "SCSS", 0, 0, 0, 0, 10, 2, 3, 15
"c:\laragon\www\MinaPorcoIntegrador\public\assets\scss\material-dashboard\bootstrap\scss\mixins\_text-hide.scss", "SCSS", 0, 0, 0, 0, 7, 2, 1, 10
"c:\laragon\www\MinaPorcoIntegrador\public\assets\scss\material-dashboard\bootstrap\scss\mixins\_text-truncate.scss", "SCSS", 0, 0, 0, 0, 5, 2, 2, 9
"c:\laragon\www\MinaPorcoIntegrador\public\assets\scss\material-dashboard\bootstrap\scss\mixins\_transition.scss", "SCSS", 0, 0, 0, 0, 9, 0, 1, 10
"c:\laragon\www\MinaPorcoIntegrador\public\assets\scss\material-dashboard\bootstrap\scss\mixins\_visibility.scss", "SCSS", 0, 0, 0, 0, 3, 2, 3, 8
"c:\laragon\www\MinaPorcoIntegrador\public\assets\scss\material-dashboard\bootstrap\scss\utilities\_align.scss", "SCSS", 0, 0, 0, 0, 6, 1, 2, 9
"c:\laragon\www\MinaPorcoIntegrador\public\assets\scss\material-dashboard\bootstrap\scss\utilities\_background.scss", "SCSS", 0, 0, 0, 0, 14, 1, 5, 20
"c:\laragon\www\MinaPorcoIntegrador\public\assets\scss\material-dashboard\bootstrap\scss\utilities\_borders.scss", "SCSS", 0, 0, 0, 0, 43, 7, 10, 60
"c:\laragon\www\MinaPorcoIntegrador\public\assets\scss\material-dashboard\bootstrap\scss\utilities\_clearfix.scss", "SCSS", 0, 0, 0, 0, 3, 0, 1, 4
"c:\laragon\www\MinaPorcoIntegrador\public\assets\scss\material-dashboard\bootstrap\scss\utilities\_display.scss", "SCSS", 0, 0, 0, 0, 25, 7, 7, 39
"c:\laragon\www\MinaPorcoIntegrador\public\assets\scss\material-dashboard\bootstrap\scss\utilities\_embed.scss", "SCSS", 0, 0, 0, 0, 44, 1, 8, 53
"c:\laragon\www\MinaPorcoIntegrador\public\assets\scss\material-dashboard\bootstrap\scss\utilities\_flex.scss", "SCSS", 0, 0, 0, 0, 34, 4, 9, 47
"c:\laragon\www\MinaPorcoIntegrador\public\assets\scss\material-dashboard\bootstrap\scss\utilities\_float.scss", "SCSS", 0, 0, 0, 0, 8, 0, 2, 10
"c:\laragon\www\MinaPorcoIntegrador\public\assets\scss\material-dashboard\bootstrap\scss\utilities\_position.scss", "SCSS", 0, 0, 0, 0, 25, 4, 8, 37
"c:\laragon\www\MinaPorcoIntegrador\public\assets\scss\material-dashboard\bootstrap\scss\utilities\_screenreaders.scss", "SCSS", 0, 0, 0, 0, 6, 3, 3, 12
"c:\laragon\www\MinaPorcoIntegrador\public\assets\scss\material-dashboard\bootstrap\scss\utilities\_sizing.scss", "SCSS", 0, 0, 0, 0, 7, 2, 4, 13
"c:\laragon\www\MinaPorcoIntegrador\public\assets\scss\material-dashboard\bootstrap\scss\utilities\_spacing.scss", "SCSS", 0, 0, 0, 0, 43, 3, 6, 52
"c:\laragon\www\MinaPorcoIntegrador\public\assets\scss\material-dashboard\bootstrap\scss\utilities\_text.scss", "SCSS", 0, 0, 0, 0, 26, 10, 17, 53
"c:\laragon\www\MinaPorcoIntegrador\public\assets\scss\material-dashboard\bootstrap\scss\utilities\_visibility.scss", "SCSS", 0, 0, 0, 0, 6, 3, 3, 12
"c:\laragon\www\MinaPorcoIntegrador\public\assets\scss\material-dashboard\cards\_card-plain.scss", "SCSS", 0, 0, 0, 0, 24, 0, 5, 29
"c:\laragon\www\MinaPorcoIntegrador\public\assets\scss\material-dashboard\cards\_card-profile.scss", "SCSS", 0, 0, 0, 0, 40, 0, 9, 49
"c:\laragon\www\MinaPorcoIntegrador\public\assets\scss\material-dashboard\cards\_card-stats.scss", "SCSS", 0, 0, 0, 0, 40, 0, 7, 47
"c:\laragon\www\MinaPorcoIntegrador\public\assets\scss\material-dashboard\dark-edition\_dark-alert.scss", "SCSS", 0, 0, 0, 0, 19, 0, 3, 22
"c:\laragon\www\MinaPorcoIntegrador\public\assets\scss\material-dashboard\dark-edition\_dark-buttons.scss", "SCSS", 0, 0, 0, 0, 30, 0, 10, 40
"c:\laragon\www\MinaPorcoIntegrador\public\assets\scss\material-dashboard\dark-edition\_dark-card-chart.scss", "SCSS", 0, 0, 0, 0, 16, 0, 3, 19
"c:\laragon\www\MinaPorcoIntegrador\public\assets\scss\material-dashboard\dark-edition\_dark-card-plain.scss", "SCSS", 0, 0, 0, 0, 3, 0, 1, 4
"c:\laragon\www\MinaPorcoIntegrador\public\assets\scss\material-dashboard\dark-edition\_dark-card-stats.scss", "SCSS", 0, 0, 0, 0, 8, 0, 2, 10
"c:\laragon\www\MinaPorcoIntegrador\public\assets\scss\material-dashboard\dark-edition\_dark-card.scss", "SCSS", 0, 0, 0, 0, 48, 5, 14, 67
"c:\laragon\www\MinaPorcoIntegrador\public\assets\scss\material-dashboard\dark-edition\_dark-checkboxes.scss", "SCSS", 0, 0, 0, 0, 21, 0, 5, 26
"c:\laragon\www\MinaPorcoIntegrador\public\assets\scss\material-dashboard\dark-edition\_dark-colors.scss", "SCSS", 0, 0, 0, 0, 45, 0, 14, 59
"c:\laragon\www\MinaPorcoIntegrador\public\assets\scss\material-dashboard\dark-edition\_dark-dropdown.scss", "SCSS", 0, 0, 0, 0, 14, 1, 3, 18
"c:\laragon\www\MinaPorcoIntegrador\public\assets\scss\material-dashboard\dark-edition\_dark-fixed-plugin.scss", "SCSS", 0, 0, 0, 0, 49, 0, 15, 64
"c:\laragon\www\MinaPorcoIntegrador\public\assets\scss\material-dashboard\dark-edition\_dark-footer.scss", "SCSS", 0, 0, 0, 0, 17, 0, 4, 21
"c:\laragon\www\MinaPorcoIntegrador\public\assets\scss\material-dashboard\dark-edition\_dark-forms.scss", "SCSS", 0, 0, 0, 0, 41, 0, 11, 52
"c:\laragon\www\MinaPorcoIntegrador\public\assets\scss\material-dashboard\dark-edition\_dark-heartbeat-animation.scss", "SCSS", 0, 0, 0, 0, 27, 0, 1, 28
"c:\laragon\www\MinaPorcoIntegrador\public\assets\scss\material-dashboard\dark-edition\_dark-mixins.scss", "SCSS", 0, 0, 0, 0, 49, 0, 7, 56
"c:\laragon\www\MinaPorcoIntegrador\public\assets\scss\material-dashboard\dark-edition\_dark-navbar.scss", "SCSS", 0, 0, 0, 0, 30, 0, 5, 35
"c:\laragon\www\MinaPorcoIntegrador\public\assets\scss\material-dashboard\dark-edition\_dark-popover-tooltip.scss", "SCSS", 0, 0, 0, 0, 10, 1, 2, 13
"c:\laragon\www\MinaPorcoIntegrador\public\assets\scss\material-dashboard\dark-edition\_dark-radios.scss", "SCSS", 0, 0, 0, 0, 8, 0, 2, 10
"c:\laragon\www\MinaPorcoIntegrador\public\assets\scss\material-dashboard\dark-edition\_dark-sidebar.scss", "SCSS", 0, 0, 0, 0, 40, 0, 8, 48
"c:\laragon\www\MinaPorcoIntegrador\public\assets\scss\material-dashboard\dark-edition\_dark-tables.scss", "SCSS", 0, 0, 0, 0, 12, 0, 2, 14
"c:\laragon\www\MinaPorcoIntegrador\public\assets\scss\material-dashboard\dark-edition\_dark-tabs.scss", "SCSS", 0, 0, 0, 0, 6, 0, 2, 8
"c:\laragon\www\MinaPorcoIntegrador\public\assets\scss\material-dashboard\dark-edition\_dark-variables.scss", "SCSS", 0, 0, 0, 0, 91, 24, 29, 144
"c:\laragon\www\MinaPorcoIntegrador\public\assets\scss\material-dashboard\mixins\_alert.scss", "SCSS", 0, 0, 0, 0, 104, 15, 12, 131
"c:\laragon\www\MinaPorcoIntegrador\public\assets\scss\material-dashboard\mixins\_animations.scss", "SCSS", 0, 0, 0, 0, 93, 1, 16, 110
"c:\laragon\www\MinaPorcoIntegrador\public\assets\scss\material-dashboard\mixins\_breakpoints.scss", "SCSS", 0, 0, 0, 0, 20, 10, 5, 35
"c:\laragon\www\MinaPorcoIntegrador\public\assets\scss\material-dashboard\mixins\_buttons.scss", "SCSS", 0, 0, 0, 0, 293, 16, 48, 357
"c:\laragon\www\MinaPorcoIntegrador\public\assets\scss\material-dashboard\mixins\_chartist.scss", "SCSS", 0, 0, 0, 0, 61, 16, 16, 93
"c:\laragon\www\MinaPorcoIntegrador\public\assets\scss\material-dashboard\mixins\_colored-shadows.scss", "SCSS", 0, 0, 0, 0, 107, 8, 24, 139
"c:\laragon\www\MinaPorcoIntegrador\public\assets\scss\material-dashboard\mixins\_drawer.scss", "SCSS", 0, 0, 0, 0, 180, 38, 36, 254
"c:\laragon\www\MinaPorcoIntegrador\public\assets\scss\material-dashboard\mixins\_forms.scss", "SCSS", 0, 0, 0, 0, 269, 77, 49, 395
"c:\laragon\www\MinaPorcoIntegrador\public\assets\scss\material-dashboard\mixins\_hover.scss", "SCSS", 0, 0, 0, 0, 15, 1, 2, 18
"c:\laragon\www\MinaPorcoIntegrador\public\assets\scss\material-dashboard\mixins\_layout.scss", "SCSS", 0, 0, 0, 0, 14, 1, 2, 17
"c:\laragon\www\MinaPorcoIntegrador\public\assets\scss\material-dashboard\mixins\_navbar-colors.scss", "SCSS", 0, 0, 0, 0, 16, 0, 3, 19
"c:\laragon\www\MinaPorcoIntegrador\public\assets\scss\material-dashboard\mixins\_navs.scss", "SCSS", 0, 0, 0, 0, 49, 1, 12, 62
"c:\laragon\www\MinaPorcoIntegrador\public\assets\scss\material-dashboard\mixins\_sidebar-color.scss", "SCSS", 0, 0, 0, 0, 53, 0, 6, 59
"c:\laragon\www\MinaPorcoIntegrador\public\assets\scss\material-dashboard\mixins\_transparency.scss", "SCSS", 0, 0, 0, 0, 16, 2, 2, 20
"c:\laragon\www\MinaPorcoIntegrador\public\assets\scss\material-dashboard\mixins\_type.scss", "SCSS", 0, 0, 0, 0, 13, 1, 2, 16
"c:\laragon\www\MinaPorcoIntegrador\public\assets\scss\material-dashboard\mixins\_utilities.scss", "SCSS", 0, 0, 0, 0, 92, 9, 9, 110
"c:\laragon\www\MinaPorcoIntegrador\public\assets\scss\material-dashboard\mixins\_variables.scss", "SCSS", 0, 0, 0, 0, 13, 6, 7, 26
"c:\laragon\www\MinaPorcoIntegrador\public\assets\scss\material-dashboard\mixins\_vendor-prefixes.scss", "SCSS", 0, 0, 0, 0, 174, 3, 25, 202
"c:\laragon\www\MinaPorcoIntegrador\public\assets\scss\material-dashboard\plugins\_animate.scss", "SCSS", 0, 0, 0, 0, 153, 7, 71, 231
"c:\laragon\www\MinaPorcoIntegrador\public\assets\scss\material-dashboard\plugins\_chartist.scss", "SCSS", 0, 0, 0, 0, 254, 25, 50, 329
"c:\laragon\www\MinaPorcoIntegrador\public\assets\scss\material-dashboard\plugins\_perfect-scrollbar.scss", "SCSS", 0, 0, 0, 0, 104, 9, 1, 114
"c:\laragon\www\MinaPorcoIntegrador\public\assets\scss\material-dashboard\variables\_body.scss", "SCSS", 0, 0, 0, 0, 1, 4, 2, 7
"c:\laragon\www\MinaPorcoIntegrador\public\assets\scss\material-dashboard\variables\_bootstrap-material-design-base.scss", "SCSS", 0, 0, 0, 0, 25, 2, 7, 34
"c:\laragon\www\MinaPorcoIntegrador\public\assets\scss\material-dashboard\variables\_bootstrap-material-design.scss", "SCSS", 0, 0, 0, 0, 152, 34, 50, 236
"c:\laragon\www\MinaPorcoIntegrador\public\assets\scss\material-dashboard\variables\_brand.scss", "SCSS", 0, 0, 0, 0, 7, 2, 4, 13
"c:\laragon\www\MinaPorcoIntegrador\public\assets\scss\material-dashboard\variables\_buttons.scss", "SCSS", 0, 0, 0, 0, 55, 22, 12, 89
"c:\laragon\www\MinaPorcoIntegrador\public\assets\scss\material-dashboard\variables\_card.scss", "SCSS", 0, 0, 0, 0, 8, 11, 2, 21
"c:\laragon\www\MinaPorcoIntegrador\public\assets\scss\material-dashboard\variables\_code.scss", "SCSS", 0, 0, 0, 0, 1, 1, 2, 4
"c:\laragon\www\MinaPorcoIntegrador\public\assets\scss\material-dashboard\variables\_colors-map.scss", "SCSS", 0, 0, 0, 0, 0, 310, 2, 312
"c:\laragon\www\MinaPorcoIntegrador\public\assets\scss\material-dashboard\variables\_colors.scss", "SCSS", 0, 0, 0, 0, 297, 2, 24, 323
"c:\laragon\www\MinaPorcoIntegrador\public\assets\scss\material-dashboard\variables\_custom-forms.scss", "SCSS", 0, 0, 0, 0, 5, 0, 1, 6
"c:\laragon\www\MinaPorcoIntegrador\public\assets\scss\material-dashboard\variables\_drawer.scss", "SCSS", 0, 0, 0, 0, 2, 2, 2, 6
"c:\laragon\www\MinaPorcoIntegrador\public\assets\scss\material-dashboard\variables\_dropdown.scss", "SCSS", 0, 0, 0, 0, 1, 18, 2, 21
"c:\laragon\www\MinaPorcoIntegrador\public\assets\scss\material-dashboard\variables\_forms.scss", "SCSS", 0, 0, 0, 0, 19, 12, 7, 38
"c:\laragon\www\MinaPorcoIntegrador\public\assets\scss\material-dashboard\variables\_layout.scss", "SCSS", 0, 0, 0, 0, 0, 1, 1, 2
"c:\laragon\www\MinaPorcoIntegrador\public\assets\scss\material-dashboard\variables\_list-group.scss", "SCSS", 0, 0, 0, 0, 3, 16, 2, 21
"c:\laragon\www\MinaPorcoIntegrador\public\assets\scss\material-dashboard\variables\_menu.scss", "SCSS", 0, 0, 0, 0, 12, 2, 5, 19
"c:\laragon\www\MinaPorcoIntegrador\public\assets\scss\material-dashboard\variables\_modals.scss", "SCSS", 0, 0, 0, 0, 15, 17, 3, 35
"c:\laragon\www\MinaPorcoIntegrador\public\assets\scss\material-dashboard\variables\_nav.scss", "SCSS", 0, 0, 0, 0, 25, 22, 11, 58
"c:\laragon\www\MinaPorcoIntegrador\public\assets\scss\material-dashboard\variables\_pagination.scss", "SCSS", 0, 0, 0, 0, 5, 0, 2, 7
"c:\laragon\www\MinaPorcoIntegrador\public\assets\scss\material-dashboard\variables\_shadow.scss", "SCSS", 0, 0, 0, 0, 25, 2, 9, 36
"c:\laragon\www\MinaPorcoIntegrador\public\assets\scss\material-dashboard\variables\_snackbar.scss", "SCSS", 0, 0, 0, 0, 5, 0, 2, 7
"c:\laragon\www\MinaPorcoIntegrador\public\assets\scss\material-dashboard\variables\_spacing.scss", "SCSS", 0, 0, 0, 0, 1, 24, 2, 27
"c:\laragon\www\MinaPorcoIntegrador\public\assets\scss\material-dashboard\variables\_state.scss", "SCSS", 0, 0, 0, 0, 9, 3, 5, 17
"c:\laragon\www\MinaPorcoIntegrador\public\assets\scss\material-dashboard\variables\_tables.scss", "SCSS", 0, 0, 0, 0, 5, 0, 2, 7
"c:\laragon\www\MinaPorcoIntegrador\public\assets\scss\material-dashboard\variables\_tooltip.scss", "SCSS", 0, 0, 0, 0, 1, 0, 1, 2
"c:\laragon\www\MinaPorcoIntegrador\public\assets\scss\material-dashboard\variables\_type.scss", "SCSS", 0, 0, 0, 0, 41, 47, 20, 108
"c:\laragon\www\MinaPorcoIntegrador\public\css\app.css", "PostCSS", 0, 0, 2248, 0, 0, 117, 230, 2595
"c:\laragon\www\MinaPorcoIntegrador\public\css\style.css", "PostCSS", 0, 0, 665, 0, 0, 45, 98, 808
"c:\laragon\www\MinaPorcoIntegrador\public\index.php", "PHP", 0, 0, 0, 10, 0, 4, 7, 21
"c:\laragon\www\MinaPorcoIntegrador\public\js\app.js", "JavaScript", 0, 8643, 0, 0, 0, 1085, 1126, 10854
"c:\laragon\www\MinaPorcoIntegrador\public\js\dashboard.js", "JavaScript", 0, 51, 0, 0, 0, 2, 1, 54
"c:\laragon\www\MinaPorcoIntegrador\public\mix-manifest.json", "JSON", 4, 0, 0, 0, 0, 0, 1, 5
"c:\laragon\www\MinaPorcoIntegrador\resources\css\app.css", "PostCSS", 0, 0, -3, 0, 0, 0, -1, -4
"c:\laragon\www\MinaPorcoIntegrador\resources\js\app.js", "JavaScript", 0, -4, 0, 0, 0, 0, -4, -8
"c:\laragon\www\MinaPorcoIntegrador\resources\js\bootstrap.js", "JavaScript", 0, -3, 0, 0, 0, 0, -2, -5
"c:\laragon\www\MinaPorcoIntegrador\resources\views\adminS\areas\create.blade.php", "PHP", 0, 0, 0, -32, 0, 0, -1, -33
"c:\laragon\www\MinaPorcoIntegrador\resources\views\adminS\areas\edit.blade.php", "PHP", 0, 0, 0, -32, 0, 0, -1, -33
"c:\laragon\www\MinaPorcoIntegrador\resources\views\adminS\areas\index.blade.php", "PHP", 0, 0, 0, -69, 0, 0, -3, -72
"c:\laragon\www\MinaPorcoIntegrador\resources\views\alerts\index.blade.php", "PHP", 0, 0, 0, -250, 0, -3, -15, -268
"c:\laragon\www\MinaPorcoIntegrador\resources\views\areas\create.blade.php", "PHP", 0, 0, 0, -49, 0, 0, -5, -54
"c:\laragon\www\MinaPorcoIntegrador\resources\views\areas\edit.blade.php", "PHP", 0, 0, 0, -49, 0, 0, -5, -54
"c:\laragon\www\MinaPorcoIntegrador\resources\views\areas\index.blade.php", "PHP", 0, 0, 0, -72, 0, 0, -2, -74
"c:\laragon\www\MinaPorcoIntegrador\resources\views\auth\confirm-password.blade.php", "PHP", 0, 0, 0, -22, 0, 0, -6, -28
"c:\laragon\www\MinaPorcoIntegrador\resources\views\auth\forgot-password.blade.php", "PHP", 0, 0, 0, -21, 0, 0, -5, -26
"c:\laragon\www\MinaPorcoIntegrador\resources\views\auth\login.blade.php", "PHP", 0, 0, 0, -178, 0, -3, -29, -210
"c:\laragon\www\MinaPorcoIntegrador\resources\views\auth\register.blade.php", "PHP", 0, 0, 0, -42, 0, 0, -11, -53
"c:\laragon\www\MinaPorcoIntegrador\resources\views\auth\reset-password.blade.php", "PHP", 0, 0, 0, -32, 0, 0, -8, -40
"c:\laragon\www\MinaPorcoIntegrador\resources\views\auth\verify-email.blade.php", "PHP", 0, 0, 0, -26, 0, 0, -6, -32
"c:\laragon\www\MinaPorcoIntegrador\resources\views\business_flow.blade.php", "PHP", 0, 0, 0, -70, 0, 0, -8, -78
"c:\laragon\www\MinaPorcoIntegrador\resources\views\cargos\create.blade.php", "PHP", 0, 0, 0, -66, 0, 0, -5, -71
"c:\laragon\www\MinaPorcoIntegrador\resources\views\cargos\edit.blade.php", "PHP", 0, 0, 0, -65, 0, 0, -5, -70
"c:\laragon\www\MinaPorcoIntegrador\resources\views\cargos\index.blade.php", "PHP", 0, 0, 0, -74, 0, 0, -2, -76
"c:\laragon\www\MinaPorcoIntegrador\resources\views\components\application-logo.blade.php", "PHP", 0, 0, 0, -3, 0, 0, -1, -4
"c:\laragon\www\MinaPorcoIntegrador\resources\views\components\auth-session-status.blade.php", "PHP", 0, 0, 0, -6, 0, 0, -2, -8
"c:\laragon\www\MinaPorcoIntegrador\resources\views\components\confirm-modal.blade.php", "PHP", 0, 0, 0, -64, 0, -8, -11, -83
"c:\laragon\www\MinaPorcoIntegrador\resources\views\components\danger-button.blade.php", "PHP", 0, 0, 0, -3, 0, 0, -1, -4
"c:\laragon\www\MinaPorcoIntegrador\resources\views\components\dropdown-link.blade.php", "PHP", 0, 0, 0, -1, 0, 0, -1, -2
"c:\laragon\www\MinaPorcoIntegrador\resources\views\components\dropdown.blade.php", "PHP", 0, 0, 0, -30, 0, 0, -5, -35
"c:\laragon\www\MinaPorcoIntegrador\resources\views\components\input-error.blade.php", "PHP", 0, 0, 0, -8, 0, 0, -2, -10
"c:\laragon\www\MinaPorcoIntegrador\resources\views\components\input-label.blade.php", "PHP", 0, 0, 0, -4, 0, 0, -2, -6
"c:\laragon\www\MinaPorcoIntegrador\resources\views\components\modal.blade.php", "PHP", 0, 0, 0, -11, 0, 0, -3, -14
"c:\laragon\www\MinaPorcoIntegrador\resources\views\components\nav-link.blade.php", "PHP", 0, 0, 0, -9, 0, 0, -3, -12
"c:\laragon\www\MinaPorcoIntegrador\resources\views\components\notification.blade.php", "PHP", 0, 0, 0, -151, 0, -6, -24, -181
"c:\laragon\www\MinaPorcoIntegrador\resources\views\components\primary-button.blade.php", "PHP", 0, 0, 0, -3, 0, 0, -1, -4
"c:\laragon\www\MinaPorcoIntegrador\resources\views\components\responsive-nav-link.blade.php", "PHP", 0, 0, 0, -9, 0, 0, -3, -12
"c:\laragon\www\MinaPorcoIntegrador\resources\views\components\secondary-button.blade.php", "PHP", 0, 0, 0, -3, 0, 0, -1, -4
"c:\laragon\www\MinaPorcoIntegrador\resources\views\components\text-input.blade.php", "PHP", 0, 0, 0, -2, 0, 0, -2, -4
"c:\laragon\www\MinaPorcoIntegrador\resources\views\control-grupal\index.blade.php", "PHP", 0, 0, 0, -442, 0, -18, -34, -494
"c:\laragon\www\MinaPorcoIntegrador\resources\views\dashboard.blade.php", "PHP", 0, 0, 0, -56, 0, -1, -5, -62
"c:\laragon\www\MinaPorcoIntegrador\resources\views\dashboard\partials\alerts.blade.php", "PHP", 0, 0, 0, -119, 0, -2, -6, -127
"c:\laragon\www\MinaPorcoIntegrador\resources\views\dashboard\partials\detail_modal.blade.php", "PHP", 0, 0, 0, -16, 0, 0, -1, -17
"c:\laragon\www\MinaPorcoIntegrador\resources\views\dashboard\partials\quick_links.blade.php", "PHP", 0, 0, 0, -23, 0, 0, -4, -27
"c:\laragon\www\MinaPorcoIntegrador\resources\views\dashboard\partials\recent_incidentes.blade.php", "PHP", 0, 0, 0, -32, 0, 0, -1, -33
"c:\laragon\www\MinaPorcoIntegrador\resources\views\dashboard\partials\recent_trabajadores.blade.php", "PHP", 0, 0, 0, -34, 0, 0, -1, -35
"c:\laragon\www\MinaPorcoIntegrador\resources\views\dashboard\partials\stats.blade.php", "PHP", 0, 0, 0, -53, 0, 0, -1, -54
"c:\laragon\www\MinaPorcoIntegrador\resources\views\dashboard\roles\admin-area.blade.php", "PHP", 0, 0, 0, -47, 0, 0, -3, -50
"c:\laragon\www\MinaPorcoIntegrador\resources\views\dashboard\roles\admin-principal.blade.php", "PHP", 0, 0, 0, -123, 0, 0, -4, -127
"c:\laragon\www\MinaPorcoIntegrador\resources\views\dashboard\roles\tecnico.blade.php", "PHP", 0, 0, 0, -194, 0, 0, -5, -199
"c:\laragon\www\MinaPorcoIntegrador\resources\views\dashboard\roles\trabajador.blade.php", "PHP", 0, 0, 0, -68, 0, 0, 0, -68
"c:\laragon\www\MinaPorcoIntegrador\resources\views\emails\credenciales.blade.php", "PHP", 0, 0, 0, -20, 0, 0, -8, -28
"c:\laragon\www\MinaPorcoIntegrador\resources\views\firebase-sensors\create.blade.php", "PHP", 0, 0, 0, -63, 0, 0, -4, -67
"c:\laragon\www\MinaPorcoIntegrador\resources\views\firebase-sensors\index.blade.php", "PHP", 0, 0, 0, -166, 0, -3, -10, -179
"c:\laragon\www\MinaPorcoIntegrador\resources\views\firebase-sensors\show.blade.php", "PHP", 0, 0, 0, -237, 0, -2, -13, -252
"c:\laragon\www\MinaPorcoIntegrador\resources\views\incidentes\index.blade.php", "PHP", 0, 0, 0, -65, 0, 0, -3, -68
"c:\laragon\www\MinaPorcoIntegrador\resources\views\layouts\app.blade.php", "PHP", 0, 0, 0, -153, 0, -9, -31, -193
"c:\laragon\www\MinaPorcoIntegrador\resources\views\layouts\material-fixed-plugins.blade.php", "PHP", 0, 0, 0, -7, 0, 0, 0, -7
"c:\laragon\www\MinaPorcoIntegrador\resources\views\layouts\material-footers.blade.php", "PHP", 0, 0, 0, -7, 0, 0, 0, -7
"c:\laragon\www\MinaPorcoIntegrador\resources\views\layouts\material-navigations.blade.php", "PHP", 0, 0, 0, -24, 0, 0, 0, -24
"c:\laragon\www\MinaPorcoIntegrador\resources\views\layouts\material-sidebar.blade.php", "PHP", 0, 0, 0, -130, 0, 0, -14, -144
"c:\laragon\www\MinaPorcoIntegrador\resources\views\layouts_brezze\app.blade.php", "PHP", 0, 0, 0, -31, 0, 0, -6, -37
"c:\laragon\www\MinaPorcoIntegrador\resources\views\layouts_brezze\guest.blade.php", "PHP", 0, 0, 0, -26, 0, 0, -5, -31
"c:\laragon\www\MinaPorcoIntegrador\resources\views\layouts_brezze\navigation.blade.php", "PHP", 0, 0, 0, -88, 0, 0, -13, -101
"c:\laragon\www\MinaPorcoIntegrador\resources\views\mi\index.blade.php", "PHP", 0, 0, 0, -93, 0, 0, -6, -99
"c:\laragon\www\MinaPorcoIntegrador\resources\views\mi\ingreso.blade.php", "PHP", 0, 0, 0, -29, 0, 0, -5, -34
"c:\laragon\www\MinaPorcoIntegrador\resources\views\mi\reportar.blade.php", "PHP", 0, 0, 0, -38, 0, 0, -3, -41
"c:\laragon\www\MinaPorcoIntegrador\resources\views\mi\reportes.blade.php", "PHP", 0, 0, 0, -100, 0, 0, -4, -104
"c:\laragon\www\MinaPorcoIntegrador\resources\views\mi\reportes_pdf.blade.php", "PHP", 0, 0, 0, -65, 0, 0, -3, -68
"c:\laragon\www\MinaPorcoIntegrador\resources\views\mi\salida.blade.php", "PHP", 0, 0, 0, -29, 0, 0, -5, -34
"c:\laragon\www\MinaPorcoIntegrador\resources\views\mi\solicitar.blade.php", "PHP", 0, 0, 0, -37, 0, 0, -3, -40
"c:\laragon\www\MinaPorcoIntegrador\resources\views\modules\index.blade.php", "PHP", 0, 0, 0, -82, 0, 0, -10, -92
"c:\laragon\www\MinaPorcoIntegrador\resources\views\modules\mine-2d.blade.php", "PHP", 0, 0, 0, -128, 0, 0, -7, -135
"c:\laragon\www\MinaPorcoIntegrador\resources\views\profile\change-password.blade.php", "PHP", 0, 0, 0, -91, 0, 0, -13, -104
"c:\laragon\www\MinaPorcoIntegrador\resources\views\profile\edit.blade.php", "PHP", 0, 0, 0, -106, 0, 0, -18, -124
"c:\laragon\www\MinaPorcoIntegrador\resources\views\profile\partials\delete-user-form.blade.php", "PHP", 0, 0, 0, -45, 0, 0, -11, -56
"c:\laragon\www\MinaPorcoIntegrador\resources\views\profile\partials\update-password-form.blade.php", "PHP", 0, 0, 0, -41, 0, 0, -8, -49
"c:\laragon\www\MinaPorcoIntegrador\resources\views\profile\partials\update-profile-information-form.blade.php", "PHP", 0, 0, 0, -54, 0, 0, -11, -65
"c:\laragon\www\MinaPorcoIntegrador\resources\views\reportes\completo.blade.php", "PHP", 0, 0, 0, -198, 0, 0, -12, -210
"c:\laragon\www\MinaPorcoIntegrador\resources\views\reportes\incidentes.blade.php", "PHP", 0, 0, 0, -99, 0, 0, -4, -103
"c:\laragon\www\MinaPorcoIntegrador\resources\views\reportes\index.blade.php", "PHP", 0, 0, 0, -226, 0, 0, -11, -237
"c:\laragon\www\MinaPorcoIntegrador\resources\views\reportes\ingresos.blade.php", "PHP", 0, 0, 0, -93, 0, 0, -4, -97
"c:\laragon\www\MinaPorcoIntegrador\resources\views\reportes\pdf\completo.blade.php", "PHP", 0, 0, 0, -134, 0, 0, -11, -145
"c:\laragon\www\MinaPorcoIntegrador\resources\views\reportes\pdf\incidentes.blade.php", "PHP", 0, 0, 0, -77, 0, 0, -4, -81
"c:\laragon\www\MinaPorcoIntegrador\resources\views\reportes\pdf\ingresos.blade.php", "PHP", 0, 0, 0, -76, 0, 0, -4, -80
"c:\laragon\www\MinaPorcoIntegrador\resources\views\reportes\pdf\trabajadores.blade.php", "PHP", 0, 0, 0, -77, 0, 0, -4, -81
"c:\laragon\www\MinaPorcoIntegrador\resources\views\reportes\sensores.blade.php", "PHP", 0, 0, 0, -111, 0, 0, -4, -115
"c:\laragon\www\MinaPorcoIntegrador\resources\views\reportes\trabajadores.blade.php", "PHP", 0, 0, 0, -101, 0, 0, -4, -105
"c:\laragon\www\MinaPorcoIntegrador\resources\views\sensor-dashboard.blade.php", "PHP", 0, 0, 0, -509, 0, -11, -25, -545
"c:\laragon\www\MinaPorcoIntegrador\resources\views\sensors\devices\create.blade.php", "PHP", 0, 0, 0, -79, 0, 0, -7, -86
"c:\laragon\www\MinaPorcoIntegrador\resources\views\sensors\devices\edit.blade.php", "PHP", 0, 0, 0, -46, 0, 0, -7, -53
"c:\laragon\www\MinaPorcoIntegrador\resources\views\sensors\devices\index.blade.php", "PHP", 0, 0, 0, -57, 0, 0, -4, -61
"c:\laragon\www\MinaPorcoIntegrador\resources\views\sensors\index.blade.php", "PHP", 0, 0, 0, -46, 0, 0, -4, -50
"c:\laragon\www\MinaPorcoIntegrador\resources\views\system\status.blade.php", "PHP", 0, 0, 0, -310, 0, 0, -28, -338
"c:\laragon\www\MinaPorcoIntegrador\resources\views\tool_requests\index.blade.php", "PHP", 0, 0, 0, -52, 0, 0, -3, -55
"c:\laragon\www\MinaPorcoIntegrador\resources\views\trabajadores\clasificacion.blade.php", "PHP", 0, 0, 0, -109, 0, 0, -4, -113
"c:\laragon\www\MinaPorcoIntegrador\resources\views\trabajadores\create.blade.php", "PHP", 0, 0, 0, -134, 0, 0, -6, -140
"c:\laragon\www\MinaPorcoIntegrador\resources\views\trabajadores\edit.blade.php", "PHP", 0, 0, 0, -124, 0, 0, -6, -130
"c:\laragon\www\MinaPorcoIntegrador\resources\views\trabajadores\index.blade.php", "PHP", 0, 0, 0, -110, 0, -1, -14, -125
"c:\laragon\www\MinaPorcoIntegrador\resources\views\trabajadores\partials\actions.blade.php", "PHP", 0, 0, 0, -10, 0, -12, 0, -22
"c:\laragon\www\MinaPorcoIntegrador\resources\views\trabajadores\partials\import.blade.php", "PHP", 0, 0, 0, -1, 0, 0, -1, -2
"c:\laragon\www\MinaPorcoIntegrador\resources\views\trabajadores\partials\modals.blade.php", "PHP", 0, 0, 0, -93, 0, 0, -3, -96
"c:\laragon\www\MinaPorcoIntegrador\resources\views\trabajadores\partials\search.blade.php", "PHP", 0, 0, 0, -35, 0, 0, -1, -36
"c:\laragon\www\MinaPorcoIntegrador\resources\views\trabajadores\partials\table.blade.php", "PHP", 0, 0, 0, -75, 0, 0, -7, -82
"c:\laragon\www\MinaPorcoIntegrador\resources\views\trabajadores\pdf.blade.php", "PHP", 0, 0, 0, -59, 0, 0, -3, -62
"c:\laragon\www\MinaPorcoIntegrador\resources\views\welcome.blade.php", "PHP", 0, 0, 0, -188, 0, 0, -10, -198
"Total", "-", 4, 10277, 57817, -7837, 12242, 3466, 15422, 91391